collectivite_id,nom,siren,departement_code,region_code,etoiles_cae,etoiles_eci,nom_epci,departement,nature_juridique,regime_fiscal,population_dgf,population_insee,revenu,potentiel_fiscal,potentiel_fiscal_hab,cif
4785,CU de Dunkerque,245900428,59,32,5,1,CU DE DUNKERQUE,59,CU,FPU,200935.0,195297.0,2808942254.0,358346393.0,1783.394595,0.496956
5307,CU du Grand Poitiers,200069854,86,75,5,3,GRAND POITIERS COMMUNAUTE URBAINE,86,CU,FPU,204749.0,201413.0,3113394902.0,90320097.0,441.125949,0.587967
4209,Brest Métropole,242900314,29,53,5,2,BREST METROPOLE,29,METROPOLE,FPU,221575.0,217444.0,3464207073.0,114816700.0,518.184362,0.575951
4434,Grenoble-Alpes-Métropole,200040715,38,84,5,3,GRENOBLE ALPES METROPOLE,38,METROPOLE,FPU,462979.0,455436.0,7928277492.0,319917433.0,690.997719,0.357764
4378,Rennes Métropole,243500139,35,53,5,4,RENNES MÉTROPOLE,35,METROPOLE,FPU,491543.0,483199.0,8484612416.0,274730740.0,558.914968,0.469388
4935,Ville et Eurométropole de Strasbourg,246700488,67,44,5,4,EUROMÉTROPOLE DE STRASBOURG,67,METROPOLE,FPU,533175.0,522670.0,8739203971.0,372462421.0,698.574429,0.500428
4545,Nantes Métropole,244400404,44,52,5,1,NANTES MÉTROPOLE,44,METROPOLE,FPU,708117.0,695303.0,12960523471.0,452314532.0,638.756776,0.446014
4322,Bordeaux Métropole,243300316,33,75,5,0,BORDEAUX MÉTROPOLE,33,METROPOLE,FPU,870390.0,854949.0,16281671132.0,606972472.0,697.3569,0.533973
5441,Métropole européenne de Lille,200093201,59,32,5,0,METROPOLE EUROPEENNE DE LILLE,59,METROPOLE,FPU,1214816.0,1204796.0,19431035125.0,708712201.0,583.390572,0.445422
4999,Métropole de Lyon,200046977,69,84,5,3,MÉTROPOLE DE LYON,69,METROPOLE,FPU,1475599.0,1449118.0,27657527371.0,1058927715.0,717.625666,0.42162
5196,CC du Thouarsais,247900798,79,75,4,2,CC DU THOUARSAIS,79,CC,FPU,37131.0,36186.0,527690222.0,18583711.0,500.490453,0.442966
5078,CC Coeur de Savoie,200041010,73,84,4,1,CC CŒUR DE SAVOIE,73,CC,FPU,40090.0,38632.0,693910601.0,20731375.0,517.120853,0.340996
4027,CA de La Rochelle,241700434,17,75,4,0,CA LA ROCHELLE,17,CA,FPU,197024.0,185015.0,3602662965.0,91189149.0,462.832696,0.44512
4145,CU Grand Besançon Métropole,242500361,25,27,4,0,GRAND BESANÇON MÉTROPOLE,25,CU,FPU,205546.0,203293.0,3257958983.0,99116476.0,482.210678,0.535773
4730,CA Lorient Agglomération,200042174,56,53,4,0,LORIENT AGGLOMÉRATION,56,CA,FPU,223456.0,213310.0,3632586842.0,87578629.0,391.927847,0.402949
4744,Metz Métropole,200039865,57,44,4,1,METZ MÉTROPOLE,57,METROPOLE,FPU,236628.0,234112.0,4010281977.0,131654799.0,556.378784,0.45491
4692,Métropole du Grand Nancy,245400676,54,44,4,0,METROPOLE DU GRAND NANCY,54,METROPOLE,FPU,266813.0,262233.0,4271079881.0,192227754.0,720.458726,0.573518
4629,CU Angers Loire Métropole,244900015,49,52,4,0,CU ANGERS LOIRE METROPOLE,49,CU,FPU,319928.0,315893.0,5213906327.0,130579145.0,408.151662,0.406054
5118,Métropole Rouen Normandie,200023414,76,28,4,0,MÉTROPOLE ROUEN NORMANDIE,76,METROPOLE,FPU,512461.0,507654.0,7878629435.0,299272829.0,583.991424,0.396612
4359,Montpellier Méditerranée Métropole,243400017,34,76,4,0,MONTPELLIER MÉDITERRANÉE MÉTROPOLE,34,METROPOLE,FPU,534489.0,523109.0,8629496066.0,254510598.0,476.175558,0.559808
4276,Toulouse Métropole,243100518,31,76,4,3,TOULOUSE MÉTROPOLE,31,METROPOLE,FPU,857067.0,842175.0,15068348022.0,664426097.0,775.232388,0.476798
4978,CC de la Vallée de Kaysersberg,246800551,68,44,3,0,CC VALLEE KAYSERSBERG,68,CC,FPU,17620.0,16373.0,333193043.0,8819117.0,500.517423,0.417256
3919,CC des Crêtes Préardennaises,240800862,8,44,3,1,CC CRETES PREARDENNAISES,08,CC,FPU,22966.0,22112.0,330013544.0,5031479.0,219.08382,0.459559
4035,CC de l'Ile d'Oléron,241700624,17,75,3,0,CC ILE D'OLERON,17,CC,FPU,42910.0,22890.0,464985917.0,11638953.0,271.241039,0.43376
4659,"CC de Vitry, Champagne et Der",200034718,51,44,3,0,CC VITRY CHAMPAGNE ET DER,51,CC,FPU,24083.0,23851.0,336827462.0,14408927.0,598.302828,0.664073
4172,CC du Val de Drôme en Biovallée,242600252,26,84,3,0,CC DU VAL DE DRÔME EN BIOVALLÉE,26,CC,FPU,32996.0,31699.0,530099873.0,14119086.0,427.902958,0.439398
4839,Terres d'Argentan Interco,200068450,61,28,3,0,TERRES D’ARGENTAN INTERCO,61,CC,FPU,35333.0,34236.0,483858772.0,14012777.0,396.59177,0.613556
4708,CC du Bassin de Pompey,245400601,54,44,3,0,CC DU BASSIN DE POMPEY,54,CC,FPU,40190.0,40059.0,658846436.0,23885493.0,594.314332,0.517465
4361,CA du Pays de l'Or,243400470,34,76,3,1,CA DU PAYS DE L'OR,34,CA,FPU,70107.0,46100.0,1094831731.0,29880550.0,426.213502,0.398059
4992,CC Saône-Beaujolais,200067817,69,84,3,0,CC SAÔNE BEAUJOLAIS,69,CC,FPU,48226.0,46625.0,793671769.0,18878650.0,391.462074,0.343671
5122,CA de la Région Dieppoise,247600786,76,28,3,0,CA DE LA REGION DIEPPOISE,76,CA,FPU,50304.0,47324.0,738523148.0,22631062.0,449.885934,0.400445
4211,CA Quimperlé Communauté,242900694,29,53,3,1,CA QUIMPERLE COMMUNAUTE,29,CA,FPU,63189.0,58531.0,974177702.0,24908436.0,394.189432,0.442099
4879,CA Riom Limagne et Volcans,200070753,63,84,3,0,CA RIOM LIMAGNE ET VOLCANS,63,CA,FPU,71540.0,70011.0,1257874778.0,34868623.0,487.400377,0.443607
5120,CA Caux Seine Agglo,200010700,76,28,3,1,CAUX SEINE AGGLO,76,CA,FPU,79996.0,79328.0,1200820963.0,85106479.0,1063.884182,0.431686
4646,CA Saint-Lô Agglo,200066389,50,28,3,0,CA DE SAINT-LO AGGLO,50,CA,FPU,80812.0,79288.0,1194023545.0,28236842.0,349.413973,0.513875
5237,CA Grand Montauban,248200099,82,76,3,1,GRAND MONTAUBAN CA,82,CA,FPU,84178.0,83421.0,1389362778.0,38556952.0,458.040723,0.463929
4278,CA du Sicoval,243100633,31,76,3,2,CA DU SICOVAL,31,CA,FPU,86732.0,85717.0,1874962942.0,44720029.0,515.611643,0.52754
4379,CA Vitré Communauté,200039022,35,53,3,0,CA VITRE COMMUNAUTE,35,CA,FPU,85809.0,84936.0,1390352621.0,44811721.0,522.226352,0.437251
5308,CA Grand Châtellerault,248600413,86,75,3,1,CA GRAND CHÂTELLERAULT,86,CA,FPU,87719.0,84806.0,1281655734.0,45324462.0,516.700624,0.363983
4382,CA du Pays de Saint Malo Agglomération,243500782,35,53,3,0,CA ST MALO AGGLOMERATION,35,CA,FPU,102686.0,88667.0,1844004333.0,36648929.0,356.902879,0.377846
5409,CA CAP Excellence,200018653,971,1,3,1,CA CAP EXCELLENCE,971,CA,FPU,100795.0,98491.0,1246362921.0,62129115.0,616.390843,0.336455
4601,CA d'Agen,200096956,47,75,3,0,AGGLOMERATION D'AGEN,47,CA,FPU,106280.0,104047.0,1709295809.0,50465329.0,474.833732,0.428137
4210,CA Quimper Bretagne Occidentale,200068120,29,53,3,0,CA QUIMPER BRETAGNE OCCIDENTALE,29,CA,FPU,107774.0,105707.0,1729575912.0,55661519.0,516.465186,0.491861
4180,CA Seine-Eure,200089456,27,28,3,0,CA SEINE-EURE,27,CA,FPU,106360.0,104950.0,1640481818.0,82172803.0,772.591228,0.449062
4500,CA de Blois ''Agglopolys'',200030385,41,24,3,2,CA DE BLOIS AGGLOPOLYS,41,CA,FPU,111918.0,109624.0,1788571029.0,62375985.0,557.336487,0.364374
5149,CA Marne et Gondoire,247700594,77,11,3,1,CA DE MARNE ET GONDOIRE,77,CA,FPU,112485.0,111190.0,2347789475.0,60714241.0,539.754109,0.310944
5026,CA Le Grand Chalon,247100589,71,27,3,0,CA LE GRAND CHALON,71,CA,FPU,119115.0,116981.0,1928804342.0,65543799.0,550.256466,0.403198
4549,CA de la Région Nazairienne et de l'Estuaire (CARENE),244400644,44,52,3,0,CA DE LA REGION NAZAIRIENNE ET DE L'ESTUAIRE,44,CA,FPU,143987.0,133980.0,2276749408.0,121118516.0,841.176745,0.421623
3949,CA Le Grand Narbonne,241100593,11,76,3,1,CA LE GRAND NARBONNE,11,CA,FPU,182615.0,135323.0,2116311482.0,56441700.0,309.07483,0.383103
5075,CA du Grand Chambéry,200069110,73,84,3,1,CA GRAND CHAMBERY,73,CA,FPU,149784.0,145388.0,2615390407.0,77922871.0,520.234945,0.378346
5419,CA du Centre de la Martinique,249720061,972,2,3,0,CA DU CENTRE DE LA MARTINIQUE,972,CA,FPU,153779.0,151772.0,2417573006.0,90089591.0,585.83806,0.433736
4100,CA Saint-Brieuc Armor Agglomération,200069409,22,53,3,0,SAINT-BRIEUC ARMOR AGGLOMERATION,22,CA,FPU,165930.0,158353.0,2653701280.0,68949376.0,415.532911,0.398882
5201,CA Amiens Métropole,248000531,80,32,3,3,CA AMIENS METROPOLE,80,CA,FPU,188812.0,186188.0,2782024913.0,115719736.0,612.883376,0.604815
5093,CA du Grand Annecy,200066793,74,84,3,0,GRAND ANNECY,74,CA,FPU,225610.0,216729.0,5282870135.0,141473963.0,627.073104,0.258698
4166,CA Valence Romans Agglo,200068781,26,84,3,2,CA VALENCE ROMANS AGGLO,26,CA,FPU,232864.0,229539.0,3863014522.0,120971893.0,519.495899,0.474664
4071,Dijon Métropole,242100410,21,27,3,0,DIJON MÉTROPOLE ,21,METROPOLE,FPU,267997.0,263672.0,4374279897.0,150523379.0,561.660687,0.430669
5119,Le Havre Seine Métropole,200084952,76,28,3,0,CU LE HAVRE SEINE MÉTROPOLE,76,CU,FPU,274290.0,270407.0,4389153830.0,216077176.0,787.769062,0.472378
4877,Clermont Auvergne Métropole,246300701,63,84,3,0,CLERMONT AUVERGNE METROPOLE,63,METROPOLE,FPU,308892.0,302259.0,5040700459.0,182730817.0,591.568629,0.5491
5366,CA Communauté Paris-Saclay,200056232,91,11,3,1,CA COMMUNAUTE PARIS SACLAY,91,CA,FPU,327553.0,323618.0,7052295805.0,232278555.0,709.132736,0.26063
4516,Saint-Etienne Métropole,244200770,42,84,3,0,ST ETIENNE METROPOLE,42,METROPOLE,FPU,416855.0,412411.0,5900397661.0,218828330.0,524.950714,0.402336
3883,Métropole Nice Côte d'Azur,200030195,6,93,3,0,METROPOLE NICE COTE D'AZUR,06,METROPOLE,FPU,637711.0,574284.0,11318501341.0,296437329.0,464.845877,0.446455
5116,Métropole du Grand Paris,200054781,75,11,3,1,METROPOLE DU GRAND PARIS,75,METROPOLE,FPU,7358035.0,7163419.0,179018252193.0,4337309475.0,589.46573,0.057609
3976,CC de la Muse et des Raspes du Tarn,241200914,12,76,2,0,CC DE LA MUSE ET DES RASPES DU TARN,12,CC,FPU,7217.0,5508.0,71591829.0,4428595.0,613.633781,0.489834
3961,"CC Monts, Rance et Rougier",200067163,12,76,2,0,"CC MONTS, RANCE ET ROUGIER",12,CC,FPU,8698.0,6579.0,84357334.0,3289459.0,378.185675,0.614399
3975,CC Larzac et Vallées,241200906,12,76,2,0,CC LARZAC ET VALLÉES,12,CC,FPU,8902.0,6833.0,89252916.0,2073800.0,232.958886,0.472425
3960,"CC Saint Affricain, Roquefort, Sept Vallons",200067155,12,76,2,0,"CC DU SAINT-AFFRICAIN, ROQUEFORT, SEPT VALLONS",12,CC,FPU,16056.0,14169.0,205515139.0,6709118.0,417.857374,0.391166
5028,CC du Clunisois,200040293,71,27,2,2,CC DU CLUNISOIS,71,CC,FPU,16384.0,14522.0,232140760.0,4687451.0,286.099304,0.485794
4168,CC du Crestois et de Pays de Saillans Coeur de Drôme,200040509,26,84,2,0,CC DU CRESTOIS ET DU PAYS DE SAILLANS COEUR DE DRÔME,26,CC,FPU,17466.0,16502.0,252141922.0,5272577.0,301.876617,0.330257
4558,CC de Nozay,244400537,44,52,2,1,COMMUNAUTÉ DE COMMUNES DE NOZAY,44,CC,FPU,16871.0,16681.0,235235328.0,5055476.0,299.654792,0.476094
3994,CC Coeur Côte Fleurie,241400415,14,28,2,0,CC COEUR COTE FLEURIE,14,CC,FPU,48562.0,21024.0,536913468.0,21200899.0,436.573844,0.351699
3995,CC du Pays de Falaise,241400514,14,28,2,1,COMMUNAUTÉ DE COMMUNES DU PAYS DE FALAISE,14,CC,FPU,28560.0,27957.0,410678960.0,6732892.0,235.745518,0.429087
5126,CC de la Côte d'Albâtre,200069839,76,28,2,0,CC DE LA CÔTE D'ALBÂTRE,76,CC,FA,32327.0,28130.0,450163928.0,25144345.0,777.81251,0.654042
4421,CC du Val d Amboise,200043065,37,24,2,0,CC DU VAL D'AMBOISE,37,CC,FPU,30530.0,29286.0,490690960.0,12605399.0,412.885653,0.373048
4371,CC la Domitienne,243400488,34,76,2,2,CC LA DOMITIENNE,34,CC,FPU,31907.0,29758.0,469708577.0,8538926.0,267.619206,0.408542
4765,CC du Pays Haut Val d'Alzette,245701404,57,44,2,0,CC DU PAYS HAUT-VAL D'ALZETTE,57,CC,FPU,30143.0,29856.0,448894560.0,4356583.0,144.530505,0.437729
3968,CC de Millau Grands Causses,241200567,12,76,2,0,CC DE MILLAU GRANDS CAUSSES,12,CC,FPU,32776.0,30249.0,491532083.0,12551194.0,382.938553,0.353218
5193,CC Haut Val de Sèvre,200041994,79,75,2,0,CC DU HAUT VAL DE SÈVRE,79,CC,FPU,31797.0,31352.0,481947521.0,12861416.0,404.485203,0.504182
4997,CC de la Vallée du Garon (CCVG),246900757,69,84,2,0,CC DE LA VALLEE DU GARON,69,CC,FPU,33157.0,32934.0,792412244.0,23138168.0,697.836596,0.295556
4824,CC de la Picardie Verte,246000848,60,32,2,0,CC DE LA PICARDIE VERTE,60,CC,FA,33613.0,32777.0,461787337.0,6211736.0,184.801595,0.401277
5352,CC de Puisaye-Forterre,200067130,89,27,2,0,CC PUISAYE-FORTERRE,89,CC,FPU,39630.0,34267.0,516269346.0,9621020.0,242.771133,0.372898
4637,CC Baugeois Vallée,244900882,49,52,2,2,BAUGEOIS VALLEE,49,CC,FPU,36423.0,35297.0,509715153.0,12111407.0,332.520852,0.302068
4735,CC de l'Oust à Brocéliande,200066785,56,53,2,0,DE L’OUST À BROCÉLIANDE COMMUNAUTÉ,56,CC,FPU,42921.0,40933.0,621908633.0,17086960.0,398.102561,0.415789
3815,CC Dombes Saône Vallée,200042497,1,84,2,0,CC DOMBES SAONE VALLEE,01,CC,FPU,42382.0,41975.0,856554882.0,14075842.0,332.118399,0.376276
4219,CC du Pays des Abers,242900553,29,53,2,3,CC DU PAYS DES ABERS,29,CC,FPU,45231.0,42926.0,733635247.0,11086795.0,245.114965,0.360026
5101,CC Pays d'Evian Vallée d'Abondance,200071967,74,84,2,1,CC PAYS D’EVIAN VALLÉE D’ABONDANCE,74,CC,FPU,58239.0,44100.0,1081865587.0,24960438.0,428.586308,0.316685
4755,CC Sarrebourg Moselle Sud,200068146,57,44,2,1,CC DE SARREBOURG - MOSELLE SUD,57,CC,FPU,49886.0,46111.0,744843141.0,16729358.0,335.351762,0.304362
5099,CC Pays du Mont-Blanc,200034882,74,84,2,1,CC PAYS DU MONT-BLANC,74,CC,FA,71813.0,46381.0,1032728748.0,19584150.0,272.710373,0.165838
4658,"CA Epernay, Coteaux et Plaine de Champagne",200067684,51,44,2,0,"COMMUNAUTÉ D'AGGLOMÉRATION EPERNAY, COTEAUX ET PLAINE DE CHAMPAGNE",51,CA,FPU,48993.0,47930.0,897578972.0,35263327.0,719.762558,0.394584
3866,CA Provence-Alpes-Agglomération,200067437,4,93,2,0,CA PROVENCE ALPES AGGLOMÉRATION,04,CA,FPU,56814.0,50305.0,754775019.0,23366122.0,411.274017,0.420804
4988,CA de l'Ouest Rhodanien,200040566,69,84,2,0,CA DE L'OUEST RHODANIEN,69,CA,FPU,53939.0,52085.0,771869463.0,23572170.0,437.015332,0.481806
4072,"CA Beaune, Côte et Sud - Communauté Beaune-Chagny-Nolay",200006682,21,27,2,0,CA BEAUNE CHAGNY NOLAY,21,CA,FPU,54311.0,52024.0,1053139942.0,30358639.0,558.977721,0.412836
4212,CA Concarneau Cornouaille Agglomération,242900769,29,53,2,0,CONCARNEAU-CORNOUAILLE AGGLOMERATION,29,CA,FPU,59285.0,53613.0,980717956.0,22137721.0,373.411841,0.4083
4184,CC Intercom Bernay Terres de Normandie,200066413,27,28,2,0,CC INTERCOM BERNAY TERRES DE NORMANDIE,27,CC,FPU,58688.0,55636.0,860171360.0,20923811.0,356.526223,0.439544
4832,CU d'Alençon,246100663,61,28,2,0,CU D'ALENCON,61,CU,FPU,57979.0,57183.0,832323418.0,23342768.0,402.607289,0.624869
4477,CA du Grand Dax,244000675,40,75,2,0,CA DU GRAND DAX,40,CA,FPU,64671.0,60161.0,992821102.0,26651057.0,412.102132,0.422346
3958,CA Rodez Agglomération,241200187,12,76,2,1,CA DE RODEZ-AGGLOMÉRATION,12,CA,FPU,60419.0,59246.0,1018049146.0,38415399.0,635.816531,0.478916
4563,CA Montargoise et Rives du Loing (AME),244500203,45,24,2,0,CA MONTARGOISE ET DES RIVES DU LOING,45,CA,FPU,65745.0,64882.0,949496123.0,35867771.0,545.558917,0.274364
3810,Haut - Bugey Agglomération,200042935,1,84,2,1,COMMUNAUTÉ D’AGGLOMÉRATION HAUT-BUGEY AGGLOMÉRATION,01,CA,FPU,67291.0,65428.0,1018955200.0,46929028.0,697.404229,0.416589
4444,CC Les Vals du Dauphiné,200068567,38,84,2,0,CC LES VALS DU DAUPHINE,38,CC,FPU,67161.0,66070.0,1070403758.0,22554171.0,335.822442,0.40131
4213,CA Morlaix Communauté,242900835,29,53,2,0,CA MORLAIX-COMMUNAUTE,29,CA,FPU,73514.0,67515.0,1097467313.0,28316049.0,385.179,0.456181
4546,CA Pornic Agglo Pays de Retz,200067346,44,52,2,1,CA PORNIC AGGLO PAYS DE RETZ,44,CA,FPU,86525.0,70582.0,1348573814.0,26414446.0,305.281086,0.506284
5346,CA de l'Auxerrois,200067114,89,27,2,0,CA DE L'AUXERROIS,89,CA,FPU,71465.0,70145.0,1161825290.0,33387917.0,467.19257,0.436008
4030,CC de la Haute Saintonge,200041523,17,75,2,0,CC DE LA HAUTE SAINTONGE,17,CC,FA,74576.0,70645.0,1079032205.0,13251293.0,177.688439,0.305279
4989,CA Villefranche Beaujolais Saône,200040590,69,84,2,0,CA VILLEFRANCHE BEAUJOLAIS SAÔNE,69,CA,FPU,75850.0,75051.0,1250529524.0,40064153.0,528.202413,0.437074
4657,CA de Châlons-en-Champagne,200066876,51,44,2,1,COMMUNAUTÉ D'AGGLOMÉRATION DE CHÂLONS-EN-CHAMPAGNE,51,CA,FPU,80716.0,79947.0,1189223457.0,38559682.0,477.720427,0.421604
3830,CA du Saint-Quentinois,200071892,2,32,2,0,CA DU SAINT QUENTINOIS,02,CA,FPU,81723.0,81012.0,1130772271.0,46381238.0,567.542038,0.464346
4749,CA Portes de France-Thionville,245701362,57,44,2,0,CA PORTES DE FRANCE THIONVILLE,57,CA,FPU,86701.0,85859.0,1630455161.0,40376614.0,465.699519,0.402306
4733,CC Auray Quiberon Terre Atlantique,200043123,56,53,2,1,AURAY QUIBERON TERRE ATLANTIQUE,56,CC,FPU,119358.0,93474.0,1785191577.0,36878035.0,308.969948,0.367662
4435,CA Vienne Condrieu,200077014,38,84,2,0,VIENNE CONDRIEU AGGLOMERATION,38,CA,FPU,97182.0,96450.0,1745094870.0,51077883.0,525.589955,0.414883
4632,CA Saumur Val de Loire,200071876,49,52,2,1,SAUMUR VAL DE LOIRE,49,CA,FPU,103936.0,100565.0,1519123054.0,34934920.0,336.119535,0.41027
4098,CA Dinan Agglomération,200068989,22,53,2,0,DINAN AGGLOMERATION,22,CA,FPU,118997.0,107190.0,1784428691.0,37139532.0,312.104776,0.464254
3884,CA du Pays de Grasse,200039857,6,93,2,0,CA DU PAYS DE GRASSE,06,CA,FPU,111528.0,103770.0,2305098111.0,50924315.0,456.605651,0.381062
5286,CA La Roche sur Yon - Agglomération,248500589,85,52,2,0,CA LA ROCHE SUR YON AGGLOMERATION,85,CA,FPU,103990.0,102445.0,1678713854.0,55697388.0,535.603308,0.414964
4853,CA du Pays de Saint-Omer,200069037,62,32,2,0,CA DU PAYS DE SAINT-OMER,62,CA,FPU,108107.0,106903.0,1505279525.0,56163251.0,519.515397,0.513859
5255,Dracénie Provence Verdon Agglomération,248300493,83,93,2,0,DRACENIE PROVENCE VERDON AGGLOMERATION,83,CA,FPU,124315.0,115767.0,1899195751.0,36165328.0,290.916848,0.419219
4436,CA Porte de l'Isère (CAPI),243800604,38,84,2,0,CA PORTE DE L'ISERE,38,CA,FPU,114241.0,113430.0,1797083900.0,82440976.0,721.640882,0.496165
5330,CA d'Epinal,200068757,88,44,2,1,CA D'EPINAL,88,CA,FPU,115390.0,113191.0,1751043878.0,60316870.0,522.721813,0.413388
4630,CA Mauges Communauté,200060010,49,52,2,2,MAUGES COMMUNAUTE,49,CA,FPU,126610.0,125488.0,1861361912.0,28359582.0,223.991644,0.320953
5190,CA du Niortais,200041317,79,75,2,0,CA DU NIORTAIS,79,CA,FPU,129192.0,126867.0,2297525516.0,69240182.0,535.947907,0.431892
4277,CA Le Muretain Agglo,200068641,31,76,2,0,CA LE MURETAIN AGGLO,31,CA,FPU,132460.0,131668.0,2258822565.0,50895905.0,384.236034,0.564475
4856,CA d'Hénin-Carvin,246200299,62,32,2,0,CA D'HENIN CARVIN,62,CA,FPU,127320.0,126973.0,1547582005.0,69550428.0,546.26475,0.426892
4898,CA Pau Béarn Pyrénées,200067254,64,75,2,2,CA PAU BEARN PYRENEES,64,CA,FPU,172893.0,170404.0,3028008268.0,96621211.0,558.849757,0.427766
4731,CA Golfe du Morbihan - Vannes Agglomération,200067932,56,53,2,2,CA GOLFE DU MORBIHAN - VANNES AGGLOMÉRATION,56,CA,FPU,206662.0,182628.0,3712811762.0,72792003.0,352.227323,0.383286
5270,CA du Grand Avignon (COGA),248400251,84,93,2,1,CA DU GRAND AVIGNON,84,CA,FPU,206151.0,201600.0,3285845795.0,132188628.0,641.222347,0.338671
5429,CA Intercommunale du Nord de la Réunion (CINOR),249740119,974,4,2,1,CA CINOR,974,CA,FPU,220189.0,218801.0,3019017883.0,83748713.0,380.349214,0.45967
5396,CA de Cergy-Pontoise,249500109,95,11,2,2,CA CERGY PONTOISE,95,CA,FPU,221963.0,219620.0,3446758836.0,120705621.0,543.809648,0.389165
5143,CA Paris - Vallée de la Marne,200057958,77,11,2,0,PARIS-VALLÉE DE LA MARNE,77,CA,FPU,235347.0,233856.0,3886314034.0,138174779.0,587.110858,0.314085
5176,CA de Saint Quentin en Yvelines,200058782,78,11,2,0,SAINT QUENTIN EN YVELINES,78,CA,FPU,238352.0,236416.0,4448581650.0,226257503.0,949.257833,0.399956
4258,CA de Nîmes Métropole,243000643,30,76,2,0,CA DE NIMES METROPOLE,30,CA,FPU,272128.0,265741.0,4034416165.0,110038047.0,404.361356,0.328595
4920,CU Perpignan Méditerranée Métropole,200027183,66,76,2,1,CU PERPIGNAN MÉDITERRANÉE MÉTROPOLE,66,CU,FPU,313136.0,281973.0,4239591610.0,111675150.0,356.634657,0.356651
3983,CU Caen la Mer,200065597,14,28,2,0,CU CAEN LA MER,14,CU,FPU,288679.0,281939.0,4666814074.0,155275617.0,537.883313,0.567322
4897,CA du Pays Basque,200067106,64,75,2,0,CA DU PAYS BASQUE,64,CA,FPU,377643.0,334316.0,6514373769.0,160953989.0,426.206732,0.437179
5369,CA Grand Paris Sud Seine Essonne Sénart,200059228,91,11,2,1,CA GRAND PARIS SUD SEINE ESSONNE SÉNART,91,CA,FPU,367952.0,363513.0,5326638778.0,241664354.0,656.782281,0.429405
5251,Métropole Toulon Provence Méditerranée,248300543,83,93,2,1,MÉTROPOLE TPM,83,METROPOLE,FPU,486740.0,455118.0,7915450010.0,206644542.0,424.5481,0.509538
3903,CC de la Montagne d'Ardèche,200072007,7,84,1,0,CC DE LA MONTAGNE D'ARDECHE,07,CC,FPU,8675.0,4911.0,58716138.0,3430069.0,395.397003,0.447499
3906,CC Val de Ligne,240700617,7,84,1,0,CC VAL DE LIGNE,07,CC,FPU,7404.0,6212.0,86525969.0,1118494.0,151.06618,0.347733
4489,CC du Pays de Villeneuve en Armagnac Landais,244000774,40,75,1,0,CC DU PAYS DE VILLENEUVE EN ARMAGNAC LANDAIS,40,CC,FPU,6577.0,6395.0,95508957.0,1653912.0,251.469059,0.455703
3846,CC des Portes de la Thiérache,240200634,2,32,1,1,CC DES PORTES DE LA THIERACHE,02,CC,FPU,7059.0,6777.0,84373533.0,2609728.0,369.702224,0.412092
3871,CC Vallée de l'Ubaye - Serre-Ponçon,200072304,4,93,1,1,CC VALLÉE DE L’UBAYE SERRE-PONÇON,04,CC,FPU,18115.0,7913.0,133994894.0,5575646.0,307.791664,0.541984
3908,CC Berg et Coiron,240700815,7,84,1,0,CC DE BERG ET COIRON,07,CC,FPU,8975.0,8179.0,123579164.0,1635578.0,182.237103,0.449648
4082,CC de Pouilly en Auxois/Bligny sur Ouche,200071207,21,27,1,0,CC DE POUILLY EN AUXOIS / BLIGNY SUR OUCHE,21,CC,FA,9989.0,9101.0,141468669.0,1951499.0,195.364801,0.389051
4975,CC du Val d'Argent,246800395,68,44,1,0,CC DU VAL D'ARGENT,68,CC,FPU,9750.0,9358.0,136935829.0,5691649.0,583.758872,0.506863
4487,CC du Pays Morcenais,244000691,40,75,1,0,CC DU PAYS MORCENAIS,40,CC,FPU,10113.0,9654.0,148732149.0,5396529.0,533.622961,0.390745
4173,CC Dieulefit-Bourdeaux,242600492,26,84,1,0,CC DIEULEFIT - BOURDEAUX ,26,CC,FPU,11409.0,9899.0,163341988.0,2484639.0,217.778859,0.350774
3898,CC Ardèche des Sources et Volcans,200039824,7,84,1,0,CDC ARDECHE DES SOURCES ET VOLCANS,07,CC,FPU,12898.0,9963.0,134673742.0,3174569.0,246.12878,0.490686
4248,CC de l'Ile-Rousse - Balagne,200073104,2B,94,1,0,CC DE L'ILE ROUSSE-BALAGNE,2B,CC,FPU,18172.0,11195.0,192232556.0,4914812.0,270.460709,0.513984
4480,CC des Landes d'Armagnac,200035541,40,75,1,0,CC DES LANDES D'ARMAGNAC,40,CC,FPU,11898.0,11110.0,162143500.0,4664519.0,392.042276,0.519477
4491,CC Côte Landes Nature,244000857,40,75,1,0,CC COTE LANDES NATURE,40,CC,FPU,17455.0,12956.0,242745099.0,9920607.0,568.353309,0.343902
4253,CC de Calvi Balagne,242020105,2B,94,1,0,CC DE CALVI BALAGNE,2B,CC,FPU,21015.0,12842.0,260623050.0,6044589.0,287.63212,0.446069
5096,CC de la Vallée de Chamonix-Mont-Blanc,200023372,74,84,1,1,CC DE LA VALLEE DE CHAMONIX-MONT-BLANC,74,CC,FPU,27658.0,14209.0,397396268.0,24668390.0,891.907947,0.597026
4484,CC Coeur Haute Lande,200069656,40,75,1,0,CC CŒUR HAUTE LANDE,40,CC,FPU,18100.0,16702.0,248410075.0,7315036.0,404.145635,0.533114
3835,CC Thiérache Sambre et Oise,200071983,2,32,1,0,CC DE LA THIÉRACHE SAMBRE ET OISE,02,CC,FA,17066.0,16712.0,205533750.0,4035920.0,236.488925,0.357114
5103,CC du Pays de Cruseilles,247400112,74,84,1,0,CC DE CRUSEILLES,74,CC,FPU,18205.0,17734.0,516225572.0,6791890.0,373.078275,0.702661
3878,CC Serre-Ponçon,200067742,5,93,1,2,CC SERRE-PONÇON,05,CC,FPU,27049.0,17548.0,304940965.0,7995404.0,295.589634,0.394509
4574,CC des Quatre Vallées,244500419,45,24,1,0,CC DES QUATRE VALLEES,45,CC,FPU,18624.0,17596.0,290264752.0,7324418.0,393.278458,0.418851
4576,CC de la Forêt,244500484,45,24,1,0,CC DE LA FORET,45,CC,FPU,18095.0,17933.0,314393535.0,4964547.0,274.360155,0.407643
5357,CC du Gâtinais en Bourgogne,248900748,89,27,1,1,CC DU GATINAIS EN BOURGOGNE,89,CC,FPU,19531.0,17948.0,297570461.0,5341747.0,273.500947,0.331433
4020,CC Lavalette Tude Dronne,200070282,16,75,1,0,CC LAVALETTE TUDE DRONNE,16,CC,FPU,19794.0,17810.0,254175362.0,4354664.0,219.999192,0.677366
5013,CC du Pays de Lure,247000664,70,27,1,0,CC DU PAYS DE LURE,70,CC,FPU,19920.0,19553.0,288060622.0,8300446.0,416.689056,0.526431
4461,CC Bresse Haute Seille,200069615,39,27,1,1,CC BRESSE HAUTE SEILLE,39,CC,FPU,20738.0,19627.0,339034465.0,5575775.0,268.867538,0.563355
4505,CC Beauce Val de Loire,200055481,41,24,1,1,BEAUCE VAL DE LOIRE,41,CC,FPU,20808.0,20050.0,319403695.0,5922046.0,284.604287,0.590801
4234,CC du Sud Corse,200040764,2A,94,1,0,CC DU SUD CORSE,2A,CC,FPU,35537.0,22133.0,522522793.0,14141339.0,397.932831,0.386488
4509,CC du Grand Chambord,244100798,41,24,1,1,CC DU GRAND CHAMBORD,41,CC,FPU,21841.0,21050.0,376395010.0,11460233.0,524.711918,0.417625
5359,CC du Jovinien,248900938,89,27,1,1,CC DE JOVINIEN,89,CC,FPU,22272.0,21143.0,295515860.0,9315444.0,418.258082,0.341927
4019,CC La Rochefoucauld - Porte du Périgord,200068914,16,75,1,1,CC LA ROCHEFOUCAULD-PORTE DU PÉRIGORD,16,CC,FPU,23304.0,22261.0,331852411.0,6810510.0,292.246395,0.469537
5207,CC Avre Luce Noye,200070969,80,32,1,0,CC AVRE LUCE NOYE,80,CC,FA,22302.0,22013.0,346945222.0,5484878.0,245.936598,0.532915
3823,CC TERRE VALSERHONE (CCTV),240100891,1,84,1,1,CC TERRE VALSERHÔNE ,01,CC,FPU,22820.0,22090.0,421943767.0,10123352.0,443.617528,0.306645
5259,CC Provence Verdon,200040202,83,93,1,0,CC PROVENCE VERDON,83,CC,FPU,25655.0,23269.0,373725007.0,5949057.0,231.886845,0.410213
5321,CC Haut Limousin en Marche,200071942,87,75,1,1,COMMUNAUTÉ DE COMMUNES HAUT LIMOUSIN EN MARCHE,87,CC,FPU,26324.0,23007.0,307773355.0,7107045.0,269.983475,0.433815
4200,CC Coeur de Beauce,200070159,28,24,1,0,CC COEUR DE BEAUCE,28,CC,FPU,25691.0,24814.0,407436326.0,15542041.0,604.960531,0.579969
4246,CC de Marana-Golo,200036499,2B,94,1,0,CC DE MARANA-GOLO,2B,CC,FA,28211.0,25879.0,441451846.0,5952548.0,211.000957,0.365491
5134,CC Caux - Austreberthe,247600646,76,28,1,0,CC DE CAUX-AUSTREBERTHE,76,CC,FPU,25638.0,25536.0,377824313.0,9942677.0,387.810165,0.286145
5208,CC du Grand Roye,200070977,80,32,1,0,CC DU GRAND ROYE,80,CC,FA,26140.0,25661.0,360011733.0,6515064.0,249.237337,0.345572
5277,CC Territoriale Sud-Luberon,248400285,84,93,1,1,COMMUNAUTÉ TERRITORIALE DU SUD LUBERON,84,CC,FPU,27928.0,26348.0,485094513.0,6895606.0,246.906545,0.356346
4840,CC des Pays de L'Aigle,200068468,61,28,1,0,CC DES PAYS DE L'AIGLE,61,CC,FPU,27230.0,25632.0,389069510.0,9884201.0,362.989387,0.74344
3988,CC Vallées de l'Orne et de l'Odon,200066728,14,28,1,0,CC VALLÉES DE L'ORNE ET DE L'ODON,14,CC,FPU,26969.0,26867.0,469865166.0,2631986.0,97.593014,0.38602
3837,CC de la Thiérache du Centre,240200444,2,32,1,0,CC THIERACHE DU CENTRE,02,CC,FPU,27264.0,26655.0,345260611.0,9061933.0,332.377237,0.342077
5212,CC du Val de Somme,248000499,80,32,1,0,CC DU VAL DE SOMME,80,CC,FPU,27266.0,26826.0,434292805.0,7560441.0,277.284567,0.434262
3990,CC du Pays de Honfleur-Beuzeville,200066827,14,28,1,1,CC DU PAYS DE HONFLEUR-BEUZEVILLE,14,CC,FPU,31505.0,27653.0,508399106.0,12434703.0,394.689827,0.358829
5318,CC Elan Limousin Avenir Nature,200066512,87,75,1,1,COMMUNAUTÉ DE COMMUNES ELAN LIMOUSIN AVENIR NATURE,87,CC,FPU,29563.0,27848.0,429551106.0,9605126.0,324.90363,0.342316
4228,CC Communauté Lesneven Côte des Légendes,242900793,29,53,1,3,COMMUNAUTE LESNEVEN COTE DES LEGENDES,29,CC,FPU,30678.0,28317.0,455921960.0,8696405.0,283.473662,0.400602
5211,CC Nièvre et Somme,200071223,80,32,1,0,CC NIEVRE ET SOMME,80,CC,FPU,28268.0,28077.0,409345352.0,8571517.0,303.223327,0.260161
5213,CC du Pays du Coquelicot,248000747,80,32,1,0,CC DU PAYS DU COQUELICOT,80,CC,FPU,29013.0,28330.0,419379265.0,9605607.0,331.079413,0.432934
4762,CC du Saulnois,245701206,57,44,1,0,CC DU SAULNOIS,57,CC,FPU,29290.0,28933.0,419022881.0,6173549.0,210.773267,0.362992
4108,CA du Grand Guéret,200034825,23,75,1,0,CA DU GRAND GUERET,23,CA,FPU,31125.0,29508.0,433467407.0,10415125.0,334.62249,0.444913
5273,CC Pays d'Apt-Luberon,200040624,84,93,1,0,CC PAYS D'APT-LUBÉRON,84,CC,FPU,34545.0,28914.0,516440663.0,14993496.0,434.027964,0.381727
4996,CC du Pays Mornantais (COPAMO),246900740,69,84,1,0,CC DU PAYS MORNANTAIS,69,CC,FPU,30691.0,30406.0,629239578.0,8919004.0,290.606497,0.403324
3996,CC de Bayeux Intercom,241400555,14,28,1,0,BAYEUX INTERCOM,14,CC,FPU,32316.0,30602.0,539513158.0,12490503.0,386.511418,0.581968
5182,CC du Pays Houdanais (CCPH),247800550,78,11,1,0,CC DU PAYS HOUDANAIS,78,CC,FPU,31876.0,30906.0,678651120.0,10989013.0,344.742534,0.427689
3929,CC Couserans-Pyrénées,200067940,9,76,1,0,CC COUSERANS-PYRÉNÉES,09,CC,FPU,41240.0,30880.0,418122327.0,10525254.0,255.219544,0.538565
5206,CC du Territoire Nord Picardie,200070951,80,32,1,1,CC DU TERRITOIRE NORD PICARDIE,80,CC,FPU,31811.0,31392.0,472456943.0,9548375.0,300.159536,0.446715
3924,CA Pays Foix-Varilhes,200067791,9,76,1,0,CA PAYS FOIX-VARILHES,09,CA,FPU,35376.0,33459.0,538442584.0,14215275.0,401.83387,0.439376
5398,CC Carnelle Pays-de-France,200073013,95,11,1,1,CC CARNELLE PAYS-DE-FRANCE,95,CC,FA,34212.0,33947.0,706085009.0,5394694.0,157.684263,0.241369
5003,CA de Vesoul,247000011,70,27,1,0,COMMUNAUTE D'AGGLOMERATION DE VESOUL,70,CA,FPU,33900.0,33526.0,514100522.0,17712385.0,522.489233,0.48474
4187,CC du Vexin Normand,200071843,27,28,1,0,CC DU VEXIN NORMAND,27,CC,FPU,34636.0,33772.0,493978080.0,8831674.0,254.985391,0.399834
4063,CC Haute-Corrèze Communauté,200066744,19,75,1,1,CC HAUTE-CORREZE COMMUNAUTE,19,CC,FPU,38736.0,33204.0,489519368.0,19586526.0,505.641419,0.353765
5279,CC du Pays des Sorgues et des Monts de Vaucluse,248400319,84,93,1,0,CC PAYS DES SORGUES ET DES MONTS DE VAUCLUSE,84,CC,FPU,36626.0,34942.0,654922113.0,17406721.0,475.255856,0.336552
5290,CC Vendée Grand Littoral,200071900,85,52,1,0,CC VENDÉE GRAND LITTORAL,85,CC,FPU,49843.0,36890.0,716205601.0,13099280.0,262.810826,0.335613
4955,CC de Sélestat,246700967,67,44,1,0,CC SELESTAT,67,CC,FA,38413.0,37936.0,709396034.0,13951091.0,363.186708,0.402372
5121,CA Fécamp Caux Littoral Agglomération,200069821,76,28,1,0,CA FECAMP CAUX LITTORAL AGGLOMERATION,76,CA,FPU,41242.0,38894.0,587688595.0,11223752.0,272.143737,0.428332
5210,CC Somme Sud-Ouest,200071181,80,32,1,0,CC SOMME SUD-OUEST,80,CC,FA,39523.0,38709.0,597478871.0,11174179.0,282.725982,0.642208
4700,CC du Territoire de Lunéville à Baccarat,200070324,54,44,1,0,CC DU TERRITOIRE DE LUNEVILLE A BACCARAT,54,CC,FPU,41672.0,41225.0,597955305.0,13675098.0,328.160347,0.33483
4882,CC Mond'Arverne Communauté,200069177,63,84,1,0,CC MOND’ARVERNE COMMUNAUTE,63,CC,FPU,42752.0,41797.0,832487683.0,11270449.0,263.623901,0.372991
3904,CC du Bassin d'Aubenas,200073245,7,84,1,0,CC DU BASSIN D'AUBENAS,07,CC,FPU,45214.0,42107.0,643692661.0,18143854.0,401.288406,0.342263
5310,CC du Haut-Poitou,200069763,86,75,1,0,CC DU HAUT-POITOU,86,CC,FPU,43280.0,42689.0,671798175.0,12310568.0,284.440111,0.393941
4291,Grand Ouest Toulousain,243100781,31,76,1,0,CC LE GRAND OUEST TOULOUSAIN,31,CC,FPU,50333.0,50107.0,966097883.0,12845950.0,255.21924,0.318041
4575,CC des Loges,244500427,45,24,1,0,CC DES LOGES,45,CC,FPU,44967.0,44121.0,776755159.0,16770174.0,372.944026,0.206662
5262,CC Coeur du Var,248300550,83,93,1,2,CC COEUR DU VAR,83,CC,FPU,48445.0,46439.0,730383808.0,11505381.0,237.493673,0.351971
4591,CC Grand-Figeac,200067361,46,76,1,0,CC GRAND FIGEAC,46,CC,FPU,50456.0,45489.0,713821128.0,20022672.0,396.834311,0.565069
4060,CA Tulle Agglo,241927201,19,75,1,0,CA TULLE AGGLO,19,CA,FPU,48642.0,45048.0,687545923.0,18121720.0,372.552938,0.476999
4672,CA de Chaumont,200068658,52,44,1,0,AGGLOMÉRATION DE CHAUMONT,52,CA,FPU,46370.0,45434.0,688079404.0,18419627.0,397.231551,0.449096
4649,"CC de Granville, Terre et Mer",200042604,50,28,1,1,"CC GRANVILLE, TERRE ET MER",50,CC,FPU,56571.0,46959.0,911699793.0,18712202.0,330.773753,0.4005
4590,CC Causses et Vallée de la Dordogne,200066371,46,76,1,0,CC CAUSSES ET VALLÉE DE LA DORDOGNE,46,CC,FPU,53376.0,46700.0,749077725.0,20727865.0,388.336799,0.493146
4341,CC de Montesquieu,243301264,33,75,1,0,CC DE MONTESQUIEU,33,CC,FPU,48627.0,48419.0,949418342.0,16034989.0,329.754848,0.371374
3991,CC Intercom de la Vire au Noireau,200068799,14,28,1,0,CC INTERCOM DE LA VIRE AU NOIREAU,14,CC,FPU,49331.0,47690.0,684002499.0,14548941.0,294.924915,0.196229
4973,CC Sundgau,200066041,68,44,1,1,CC DU SUNDGAU,68,CC,FPU,49304.0,48713.0,1126298249.0,14671858.0,297.579466,0.400396
4599,CA du Grand Villeneuvois,200023307,47,75,1,0,CA DU GRAND VILLENEUVOIS,47,CA,FPU,50026.0,49185.0,737630283.0,21222273.0,424.224863,0.421285
4167,CC Porte de Dromardèche,200040491,26,84,1,1,CC PORTE DE DRÔMARDÈCHE ,26,CC,FPU,50477.0,49577.0,712446482.0,23516196.0,465.87943,0.394892
3894,CA Annonay Rhône Agglo,200072015,7,84,1,0,CA ANNONAY RHONE AGGLO,07,CA,FPU,52801.0,51689.0,827979279.0,23124313.0,437.952179,0.419942
5278,CA des Sorgues du Comtat,248400293,84,93,1,1,CA LES SORGUES DU COMTAT,84,CA,FPU,52461.0,51863.0,868678093.0,30716204.0,585.505499,0.388278
4365,CC du Grand Pic Saint-Loup,200022986,34,76,1,0,CC DU GRAND PIC SAINT-LOUP,34,CC,FPU,53494.0,52384.0,1223049310.0,14444064.0,270.012786,0.374818
4899,CC de Lacq-Orthez,200039204,64,75,1,1,CC LACQ-ORTHEZ,64,CC,FPU,55481.0,54690.0,850170314.0,52034151.0,937.873344,0.509123
4424,CC Touraine Vallée de l'Indre,200072650,37,24,1,0,CC TOURAINE VALLÉE DE L’INDRE,37,CC,FPU,56735.0,55689.0,972237194.0,14987151.0,264.160589,0.430517
5294,CC Sud Vendée Littoral,200073260,85,52,1,0,CC SUD VENDEE LITTORAL,85,CC,FPU,69529.0,57007.0,907679366.0,23691254.0,340.739174,0.392564
4442,CC Bièvre Isère,200059392,38,84,1,0,CC BIÈVRE ISÈRE,38,CC,FPU,58533.0,57452.0,920267502.0,17820083.0,304.445065,0.450256
5258,CC du Golfe de Saint-Tropez,200036077,83,93,1,0,CC DU GOLFE DE SAINT TROPEZ,83,CC,FPU,100584.0,58798.0,1733774169.0,58078961.0,577.417492,0.33657
4600,CA Val de Garonne Agglomération ,200030674,47,75,1,1,CA VAL DE GARONNE AGGLOMÉRATION,47,CA,FPU,63324.0,62194.0,892237985.0,30667575.0,484.296238,0.433608
4813,CC Thelloise,200067973,60,32,1,0,CC THELLOISE,60,CC,FPU,63438.0,62826.0,1063530725.0,19755328.0,311.411583,0.303567
4025,CA de Saintes,200036473,17,75,1,0,SAINTES - GRANDES RIVES - L'AGGLO,17,CA,FPU,64333.0,63044.0,1044145699.0,24731516.0,384.429702,0.428499
4242,CA de Bastia,242000354,2B,94,1,0,CA DE BASTIA,2B,CA,FPU,63926.0,62806.0,910443380.0,26937838.0,421.390952,0.475378
4693,Grand Longwy Agglomération,245400262,54,44,1,0,GRAND LONGWY AGGLOMERATION,54,CA,FPU,65138.0,64671.0,970431131.0,18187918.0,279.221315,0.39054
4026,CA Rochefort Océan,200041762,17,75,1,1,CA ROCHEFORT OCEAN,17,CA,FPU,71720.0,66296.0,1086980671.0,26253463.0,366.054978,0.466417
4520,CC de Forez-Est,200065894,42,84,1,0,CC FOREZ-EST,42,CC,FPU,67317.0,66011.0,1068646041.0,32299236.0,479.808013,0.367914
3851,CA Moulins Communauté,200071140,3,84,1,0,CA MOULINS COMMUNAUTÉ,03,CA,FPU,67849.0,66443.0,999008790.0,28584414.0,421.294551,0.395749
4099,CA Lamballe Terre et Mer,200069391,22,53,1,0,LAMBALLE TERRE ET MER,22,CA,FPU,79950.0,70807.0,1213246894.0,25992407.0,325.10828,0.484238
4015,CA du Grand Cognac,200070514,16,75,1,0,CA DU GRAND COGNAC,16,CA,FPU,72270.0,70675.0,1274842675.0,50514697.0,698.971869,0.475464
3984,CA Lisieux Normandie,200069532,14,28,1,0,CA LISIEUX NORMANDIE,14,CA,FPU,77674.0,74504.0,1101482164.0,29344706.0,377.793161,0.406831
4402,CA Châteauroux Métropole,243600327,36,24,1,0,CHÂTEAUROUX MÉTROPOLE,36,CA,FPU,75996.0,74939.0,1142438809.0,46118785.0,606.858058,0.346131
5220,CA Gaillac-Graulhet,200066124,81,76,1,1,COMMUNAUTÉ D’AGGLOMÉRATION GAILLAC GRAULHET,81,CA,FPU,80099.0,77839.0,1177877042.0,26916137.0,336.035868,0.68345
5189,CA du Bocage Bressuirais,200040244,79,75,1,0,CA DU BOCAGE BRESSUIRAIS,79,CA,FPU,77793.0,76438.0,1071536871.0,30744811.0,395.213078,0.457005
4256,CA du Gard Rhodanien,200034692,30,76,1,0,CA DU GARD RHODANIEN,30,CA,FPU,80614.0,77457.0,1222233576.0,28106899.0,348.66027,0.34531
4968,CA Saint-Louis Agglomération,200066058,68,44,1,0,CA SAINT-LOUIS AGGLOMERATION,68,CA,FPU,86902.0,85533.0,2376868149.0,49069469.0,564.652931,0.359119
5222,CA de l'Albigeois (C2A),248100737,81,76,1,2,CA DE L'ALBIGEOIS,81,CA,FPU,87994.0,86445.0,1386278884.0,41682827.0,473.700786,0.514661
4528,CA du Puy-en-Velay,200073419,43,84,1,0,CA DU PUY EN VELAY,43,CA,FPU,91291.0,85454.0,1326480116.0,37457821.0,410.312309,0.510654
3852,CA Vichy Communauté,200071363,3,84,1,0,CA VICHY COMMUNAUTÉ,03,CA,FPU,90813.0,86487.0,1380210282.0,43600634.0,480.114455,0.45256
4232,CA du Pays Ajaccien,242010056,2A,94,1,0,CA DU PAYS AJACCIEN,2A,CA,FPU,98869.0,93902.0,1501667258.0,44630171.0,451.407125,0.46562
4040,CA Bourges Plus,241800507,18,24,1,0,CA BOURGES PLUS,18,CA,FPU,106682.0,105152.0,1739997320.0,59096982.0,553.954575,0.375525
4810,CA du Beauvaisis,200067999,60,32,1,0,CA DU BEAUVAISIS,60,CA,FPU,106788.0,105791.0,1561344647.0,68305197.0,639.633639,0.37963
4121,CA Le Grand Périgueux,200040392,24,75,1,0,CA LE GRAND PERIGUEUX,24,CA,FPU,111187.0,108161.0,1752283847.0,40519689.0,364.428296,0.362256
4059,CA du Bassin de Brive,200043172,19,75,1,0,CA DU BASSIN DE BRIVE,19,CA,FPU,115531.0,111380.0,1876438579.0,58196931.0,503.734331,0.296117
4178,CA Evreux Portes de Normandie,200071454,27,28,1,0,CA EVREUX PORTES DE NORMANDIE,27,CA,FPU,116961.0,114953.0,1751305327.0,57202164.0,489.070408,0.458674
4194,CA Agglo du Pays de Dreux,200040277,28,24,1,0,CA DU PAYS DE DREUX,28,CA,FPU,121277.0,118593.0,1758994901.0,43439519.0,358.184314,0.375524
3913,Ardenne Métropole,200041630,8,44,1,0,ARDENNE MÉTROPOLE,08,CA,FPU,124120.0,123142.0,1726546636.0,51437172.0,414.414857,0.434998
5427,CA Intercommunale de la Réunion Est (CIREST),249740093,974,4,1,0,CA CIREST,974,CA,FPU,131706.0,130245.0,1270554389.0,41382814.0,314.205989,0.381763
4908,CA Tarbes-Lourdes-Pyrénées,200069300,65,76,1,1,CA TARBES-LOURDES-PYRENEES,65,CA,FPU,133783.0,130358.0,1944046611.0,49313463.0,368.607843,0.360722
4360,CA Sète Agglopôle Méditerranée,200066355,34,76,1,0,SETE AGGLOPOLE MEDITERRANEE,34,CA,FPU,155208.0,131622.0,2239058013.0,57250485.0,368.862977,0.409139
5147,CA Melun Val de Seine,247700057,77,11,1,0,CA MELUN VAL DE SEINE,77,CA,FPU,141573.0,140304.0,2185974814.0,60846559.0,429.789289,0.31903
3885,CA Cannes Pays de Lérins,200039915,6,93,1,0,CA DES PAYS DE LERINS,06,CA,FPU,209489.0,158143.0,3770415347.0,86443356.0,412.639117,0.288116
3933,CA Troyes Champagne Métropole,200069250,10,44,1,0,CA TROYES CHAMPAGNE METROPOLE,10,CA,FPU,182323.0,179435.0,2592859428.0,76202092.0,417.951065,0.400035
5368,CA Val d'Yerres Val de Seine,200058477,91,11,1,1,CA VAL D'YERRES VAL DE SEINE,91,CA,FPU,180556.0,179607.0,3263891804.0,45896729.0,254.196643,0.316588
5425,CA CIVIS (Communauté Intercommunale des Villes Solidaires),249740077,974,4,1,0,CIVIS,974,CA,FPU,189288.0,185848.0,2365518682.0,69976479.0,369.682595,0.422346
3887,CA de Sophia Antipolis,240600585,6,93,1,0,CA DE SOPHIA ANTIPOLIS,06,CA,FPU,225997.0,187088.0,4751053672.0,115542827.0,511.258234,0.29788
4791,CA Valenciennes Métropole,245901160,59,32,1,0,CA DE VALENCIENNES METROPOLE,59,CA,FPU,195067.0,193676.0,2552342853.0,112526013.0,576.858274,0.417075
5367,CA Coeur d'Essonne Agglomération,200057859,91,11,1,1,CŒUR D' ESSONNE AGGLOMERATION,91,CA,FPU,211003.0,209923.0,3708946361.0,90976977.0,431.164377,0.426079
5428,CA Territoire de la Côte Ouest (TCO),249740101,974,4,1,0,CA TERRITOIRE DE LA COTE OUEST,974,CA,FPU,227093.0,221532.0,3096894243.0,90020814.0,396.405059,0.413676
5178,CA Versailles Grand Parc (CAVGP),247800584,78,11,1,0,CA VERSAILLES GRAND PARC,78,CA,FPU,278136.0,273663.0,7960683231.0,156710938.0,563.432774,0.189914
5395,CA Val Parisis,200058485,95,11,1,1,CA VAL PARISIS,95,CA,FPU,292735.0,291093.0,5595201863.0,95863822.0,327.476462,0.232412
4562,Orléans Métropole,244500468,45,24,1,0,ORLEANS-METROPOLE,45,METROPOLE,FPU,303430.0,299552.0,5006152698.0,187673879.0,618.507989,0.411222
4656,CU du Grand Reims,200067213,51,44,1,1,COMMUNAUTÉ URBAINE DU GRAND REIMS,51,CU,FPU,307383.0,302446.0,5177887530.0,177179709.0,576.413494,0.469321
5393,CA Roissy Pays de France,200055655,95,11,1,0,CA ROISSY PAYS DE FRANCE,95,CA,FPU,366567.0,364744.0,4972719058.0,236982271.0,646.491013,0.309775
5174,CU Grand Paris Seine et Oise,200059889,78,11,1,0,GRAND PARIS SEINE & OISE,78,CU,FPU,441413.0,437433.0,7887261180.0,216524927.0,490.526847,0.404187
4009,CC Cère et Goul en Carladès,241501089,15,84,0,0,CC CERE ET GOUL EN CARLADES,15,CC,FPU,6359.0,5111.0,77226932.0,1394056.0,219.225664,0.412892
5041,CC de Semur en Brionnais,247103864,71,27,0,0,CC DU CANTON DE SEMUR-EN-BRIONNAIS,71,CC,FA,5931.0,5336.0,85982746.0,945051.0,159.340921,0.391273
4709,CC du Pays du Sanon,245400759,54,44,0,0,CC DU PAYS DU SANON,54,CC,FA,5995.0,5892.0,96014531.0,681009.0,113.596163,0.375628
5038,CC de Marcigny,247100639,71,27,0,0,CC DE MARCIGNY,71,CC,FA,6591.0,6199.0,97175941.0,1115191.0,169.199059,0.263095
5087,CC du Lac d'Aiguebelette (CCLA),247300668,73,84,0,0,CC DU LAC D'AIGUEBELETTE,73,CC,FPU,7103.0,6464.0,124887616.0,1817494.0,255.876953,0.479912
3881,CC du Pays des Ecrins,240500462,5,93,0,0,CC DU PAYS DES ECRINS,05,CC,FPU,12364.0,6771.0,115590851.0,5482082.0,443.39065,0.45222
4610,CC Lot et Tolzac,244701405,47,75,0,0,CC LOT ET TOLZAC,47,CC,FA,7945.0,7555.0,99641400.0,1453182.0,182.905223,0.390576
5083,CC de Yenne,247300262,73,84,0,0,CC DE YENNE,73,CC,FPU,7932.0,7535.0,146386309.0,2988294.0,376.739032,0.447565
5246,CC du Quercy Rouergue et des Gorges de l'Aveyron,248200107,82,76,0,0,CC DU QUERCY ROUERGUE ET GORGES DE L’AVEYRON,82,CC,FPU,10098.0,7987.0,115794576.0,1783331.0,176.602397,0.368527
4216,CC Monts d'Arrée Communauté,200067197,29,53,0,0,CC MONTS D'ARREE COMMUNAUTE,29,CC,FPU,9733.0,8072.0,108481242.0,2785627.0,286.204356,0.380405
3877,CC du Guillestrois et du Queyras,200067452,5,93,0,0,CC DU GUILLESTROIS ET DU QUEYRAS,05,CC,FPU,20729.0,8170.0,141350185.0,6324422.0,305.100198,0.406198
4533,Haut Pays du Velay communauté,244300307,43,84,0,0,HAUT PAYS DU VELAY COMMUNAUTE,43,CC,FPU,8895.0,8189.0,134800565.0,6816394.0,766.317482,0.550201
4536,CC du Haut Lignon,244301107,43,84,0,0,CC DU HAUT LIGNON,43,CC,FPU,10326.0,8342.0,131159227.0,2403963.0,232.806798,0.458479
5356,CC de la Vanne et du Pays d'Othe,248900664,89,27,0,0,CC DE LA VANNE ET DU PAYS D'OTHE,89,CC,FA,9621.0,8774.0,144212181.0,1399138.0,145.425424,0.276233
5077,CC Val Vanoise,200040798,73,84,0,0,CC VAL VANOISE,73,CC,FA,27651.0,9307.0,224745837.0,11545235.0,417.534086,0.231563
5076,CC Coeur de Tarentaise,200023299,73,84,0,0,CC CŒUR DE TARENTAISE,73,CC,FA,23740.0,9619.0,177781350.0,8226546.0,346.52679,0.366816
3888,CC Alpes d'Azur,200039931,6,93,0,0,CC ALPES D'AZUR,06,CC,FPU,16388.0,10191.0,118460367.0,3728357.0,227.505309,0.442212
5089,CC Les Versants d'Aime,247300817,73,84,0,0,CC LES VERSANTS D'AIME,73,CC,FA,24130.0,9942.0,203724393.0,6645563.0,275.406672,0.229488
4312,CC du Savès,243200599,32,76,0,0,CC SAVES,32,CC,FPU,10651.0,10113.0,168834948.0,2899574.0,272.234908,0.626516
4439,CC du Trièves,200030658,38,84,0,0,CC DU TRIÈVES,38,CC,FPU,13203.0,10593.0,174869311.0,5781269.0,437.875407,0.492225
4464,CC Porte du Jura,200072056,39,27,0,1,CC PORTE DU JURA,39,CC,FPU,11470.0,10790.0,167669042.0,4111299.0,358.43932,0.627635
4245,CC de la Costa Verde,200034205,2B,94,0,0,CC DE LA COSTA VERDE,2B,CC,FA,16343.0,11057.0,157322303.0,1930745.0,118.138959,0.375832
4951,CC de la Vallée de Villé,246700777,67,44,0,0,CC DE LA VALLÉE DE VILLÉ,67,CC,FPU,11727.0,11015.0,200248863.0,3735950.0,318.576789,0.547467
4304,CC des Coteaux Arrats Gimone,200042372,32,76,0,0,CC DES CÔTEAUX ARRATS GIMONE,32,CC,FPU,11436.0,11031.0,171752535.0,3093047.0,270.46581,0.506825
4135,CC Dronne et Belle,200041572,24,75,0,0,CC DRONNE ET BELLE,24,CC,FPU,13052.0,11607.0,178931461.0,4543632.0,348.117683,0.648018
4064,CC Xaintrie Val'Dordogne,200066751,19,75,0,0,COMMUNAUTE DE COMMUNES XAINTRIE VAL’DORDOGNE,19,CC,FPU,13825.0,11431.0,168660942.0,7902630.0,571.618807,0.39242
4301,CC Bastides de Lomagne,200034726,32,76,0,0,CC BASTIDES DE LOMAGNE,32,CC,FPU,12422.0,11726.0,182439548.0,2359564.0,189.950411,0.613838
4003,CC Hautes Terres,200066637,15,84,0,0,HAUTES TERRES COMMUNAUTE,15,CC,FPU,14847.0,11435.0,170382421.0,5187233.0,349.379201,0.417991
4698,CC de Vezouze en Piémont,200069433,54,44,0,0,CC DE VEZOUZE EN PIEMONT,54,CC,FA,12332.0,11691.0,146932132.0,1793844.0,145.462536,0.322554
4174,CC du Diois,242600534,26,84,0,0,CC DU DIOIS,26,CC,FPU,15818.0,12478.0,181507826.0,3283562.0,207.583892,0.422889
5098,CC des Montagnes du Giffre,200034098,74,84,0,0,CC DES MONTAGNES DU GIFFRE,74,CC,FPU,22332.0,12446.0,283732062.0,8006622.0,358.526867,0.327066
5086,CC Val Guiers,247300528,73,84,0,0,CC VAL GUIERS,73,CC,FPU,13141.0,12719.0,211717799.0,5724648.0,435.6326,0.422187
4251,CC de la Castagniccia-Casinca,200073252,2B,94,0,0,CC CASTAGNICCIA- CASINCA,2B,CC,FA,17143.0,13444.0,192420461.0,1756497.0,102.461471,0.424452
3901,CC Val Eyrieux,200041465,7,84,0,0,CDC VAL EYRIEUX,07,CC,FPU,15984.0,12686.0,185762022.0,6588084.0,412.167417,0.490308
4886,CC Chavanon Combrailles et Volcans,200071215,63,84,0,1,CC CHAVANON COMBRAILLES ET VOLCANS,63,CC,FPU,14957.0,12974.0,179770257.0,4157796.0,277.983285,0.290148
4244,CC de Fium'Orbu Castellu,200033827,2B,94,0,0,CC DE FIUM'ORBU CASTELLU,2B,CC,FA,17790.0,13450.0,209465710.0,2839867.0,159.632771,0.309278
4140,CC Isle-Loue-Auvézère en Périgord,242401024,24,75,0,0,CC ISLE-LOUE-AUVEZERE EN PERIGORD,24,CC,FPU,16074.0,14124.0,192952057.0,3708147.0,230.692236,0.470586
3855,CC du Bocage Bourbonnais,200071496,3,84,0,0,CC DU BOCAGE BOURBONNAIS,03,CC,FPU,15072.0,13941.0,187076966.0,2905066.0,192.745886,0.29073
4018,CC Val de Charente,200043016,16,75,0,0,CC VAL DE CHARENTE,16,CC,FPU,15493.0,14145.0,202274385.0,5782927.0,373.260634,0.560556
4111,CC Creuse Sud Ouest,200067189,23,75,0,0,COMMUNAUTÉ DE COMMUNES CREUSE SUD OUEST,23,CC,FPU,17122.0,14095.0,185876674.0,3713043.0,216.858019,0.40449
4138,CC Périgord-Limousin,242400752,24,75,0,0,CC PERIGORD-LIMOUSIN,24,CC,FPU,16178.0,14478.0,207265810.0,4049614.0,250.316108,0.482587
4220,CC de Haute Cornouaille,242900561,29,53,0,0,CC DE HAUTE CORNOUAILLE,29,CC,FPU,16580.0,15206.0,210683642.0,4955154.0,298.863329,0.344299
5033,CC Brionnais Sud Bourgogne,200070548,71,27,0,0,CC BRIONNAIS SUD BOURGOGNE,71,CC,FPU,16456.0,15331.0,233376961.0,6600637.0,401.108228,0.569212
4137,CC du Périgord Nontronnais,200071819,24,75,0,0,CC DU PERIGORD NONTRONNAIS,24,CC,FPU,17917.0,15514.0,224220578.0,4980510.0,277.976782,0.557813
4685,CC du Mont des Avaloirs,200042182,53,52,0,1,CC DU MONT DES AVALOIRS,53,CC,FPU,17274.0,15888.0,232955971.0,6485902.0,375.471923,0.488239
5082,CC de Haute-Tarentaise,247300254,73,84,0,0,CC DE HAUTE TARENTAISE,73,CC,FA,41452.0,16132.0,347761303.0,15354179.0,370.408641,0.152766
4226,CC Poher Communauté,242900744,29,53,0,0,CC POHER COMMUNAUTE,29,CC,FPU,17163.0,16100.0,238117096.0,9496439.0,553.308804,0.431146
4329,CC du Bazadais,200043982,33,75,0,0,CC DU BAZADAIS,33,CC,FPU,17090.0,16504.0,243625455.0,5619048.0,328.791574,0.488546
4697,CC Meurthe Mortagne Moselle,200067643,54,44,0,0,"CC MEURTHE, MORTAGNE, MOSELLE",54,CC,FA,16862.0,16711.0,263557975.0,1926976.0,114.279208,0.325962
4332,CC rurales de l'Entre-Deux-Mers,200069599,33,75,0,0,CC RURALES DE L'ENTRE-DEUX-MERS,33,CC,FPU,17457.0,16896.0,248065469.0,4018852.0,230.214355,0.504079
4602,CC des Bastides en Haut Agenais Périgord,200036523,47,75,0,0,CC DES BASTIDES EN HAUT AGENAIS PERIGORD,47,CC,FPU,19314.0,17358.0,251320550.0,4900533.0,253.729574,0.566562
5203,CC Terre de Picardie,200070928,80,32,0,0,CC TERRE DE PICARDIE,80,CC,FA,18481.0,18227.0,257492644.0,6995888.0,378.544884,0.61616
4338,CC du Créonnais,243301215,33,75,0,0,CC DU CREONNAIS,33,CC,FPU,18750.0,18613.0,312291081.0,2994346.0,159.698453,0.34049
4534,CC des Sucs,244301016,43,84,0,0,CC DES SUCS,43,CC,FPU,20866.0,18997.0,288248997.0,7882793.0,377.781702,0.462701
4103,CC du Kreiz-Breizh (CCKB),242200715,22,53,0,0,CC KREIZ-BREIZH,22,CC,FPU,21169.0,19055.0,263221635.0,6749276.0,318.828287,0.489785
3880,CC du Briançonnais,240500439,5,93,0,0,CC BRIANCONNAIS,05,CC,FPU,36320.0,19490.0,366439019.0,14891159.0,409.998871,0.374435
4306,CC de la Lomagne Gersoise,243200391,32,76,0,0,CC LA LOMAGNE GERSOISE,32,CC,FPU,21189.0,20007.0,307952963.0,5506528.0,259.876728,0.308071
4408,CC Eguzon - Argenton - Vallée de la Creuse,200068872,36,24,0,0,CC ÉGUZON - ARGENTON - VALLÉE DE LA CREUSE,36,CC,FPU,22060.0,19822.0,282777571.0,8314592.0,376.908069,0.356931
5209,CC de l'Est de la Somme,200070985,80,32,0,0,CC DE L'EST DE LA SOMME,80,CC,FA,20278.0,19998.0,278760563.0,7334773.0,361.710869,0.426834
4567,"CC de la Cléry, du Betz et de l'Ouanne",200067668,45,24,0,1,"CC DE LA CLERY, DU BETZ ET DE L’OUANNE",45,CC,FPU,22119.0,20405.0,327827066.0,7083608.0,320.249921,0.396026
4017,CC des 4B Sud Charente,200029734,16,75,0,0,CC DES 4 B,16,CC,FPU,21217.0,20472.0,316412763.0,7346554.0,346.257906,0.643534
4938,CC du Ried de Marckolsheim,200030526,67,44,0,0,CC DU RIED DE MARCKOLSHEIM,67,CC,FA,21133.0,20930.0,361103975.0,8055223.0,381.167984,0.416923
4538,CC Loire et Semène,244301131,43,84,0,0,CC LOIRE ET SEMENE,43,CC,FPU,21324.0,20766.0,333773033.0,7285309.0,341.648331,0.434036
5244,CC du Quercy Caussadais,248200057,82,76,0,0,CC DU QUERCY CAUSSADAIS,82,CC,FA,21926.0,20991.0,306840185.0,3810198.0,173.775335,0.3548
4186,CC Lyons Andelle,200070142,27,28,0,0,CC LYONS ANDELLE,27,CC,FPU,21682.0,20882.0,325859616.0,5684345.0,262.16885,0.374234
3845,CC des Trois Rivières,240200600,2,32,0,0,CC PAYS 3 RIVIERES,02,CC,FPU,21272.0,20881.0,236666530.0,6118913.0,287.651044,0.35463
4171,CC des Baronnies en Drôme Provençale,200068229,26,84,0,0,CC DES BARONNIES EN DRÔME PROVENÇALE,26,CC,FA,26410.0,21221.0,331405354.0,4657571.0,176.356342,0.392807
4342,CC les Coteaux Bordelais,243301355,33,75,0,0,CC DES COTEAUX BORDELAIS,33,CC,FPU,22465.0,22338.0,509598644.0,7905141.0,351.88698,0.384301
4346,CC du Val de l'Eyre,243301405,33,75,0,0,CC DU VAL DE L'EYRE,33,CC,FPU,23219.0,22767.0,391579371.0,6018201.0,259.192945,0.40201
4153,CC du Val de Morteau,242504116,25,27,0,0,CC DU VAL DE MORTEAU,25,CC,FPU,22206.0,21721.0,569725409.0,7887964.0,355.217689,0.420452
4005,CC de la Châtaigneraie Cantalienne,200066678,15,84,0,0,CC DE LA CHATAIGNERAIE CANTALIENNE,15,CC,FPU,24870.0,21726.0,303063736.0,6804105.0,273.586852,0.393073
4021,CC Coeur de Charente,200072023,16,75,0,0,CC COEUR DE CHARENTE,16,CC,FA,23668.0,22362.0,334159478.0,4426508.0,187.025013,0.349338
5031,"CC Entre Arroux, Loire et Somme",200070316,71,27,0,0,"CC ENTRE ARROUX, LOIRE ET SOMME",71,CC,FPU,23350.0,22061.0,340110982.0,9244600.0,395.914347,0.227071
4347,CC des Portes de l'Entre-Deux-Mers,243301439,33,75,0,0,CC DES PORTES DE L'ENTRE DEUX MER,33,CC,FPU,23169.0,22944.0,479643868.0,6322435.0,272.883379,0.41049
5241,CC Quercy Vert-Aveyron,200066884,82,76,0,0,CC QUERCY VERT-AVEYRON,82,CC,FA,22720.0,22114.0,316743649.0,3068463.0,135.05559,0.37324
4300,CC de la Gascogne Toulousaine,200023620,32,76,0,0,CC DE LA GASCOGNE TOULOUSAINE,32,CC,FPU,17758.0,17477.0,316627092.0,5301200.0,298.524609,0.437273
4214,CC Presqu'île de Crozon-Aulne maritime,200066868,29,53,0,1,CC PRESQU'ILE DE CROZON-AULNE MARITIME,29,CC,FPU,29218.0,23212.0,399602016.0,8274818.0,283.209597,0.338511
4217,CC Pleyben-Châteaulin-Porzay,200067247,29,53,0,0,CC PLEYBEN-CHATEAULIN-PORZAY,29,CC,FPU,26150.0,23877.0,351787275.0,7772884.0,297.242218,0.35269
4330,CC du Réolais en Sud Gironde,200044394,33,75,0,0,CC DU REOLAIS SUD GIRONDE,33,CC,FPU,24936.0,24479.0,337564556.0,7055570.0,282.947145,0.420022
4004,CC de Saint-Flour,200066660,15,84,0,0,SAINT-FLOUR COMMUNAUTÉ,15,CC,FPU,28039.0,24190.0,337830256.0,11177740.0,398.649738,0.405083
4570,CC du Val de Sully,200070100,45,24,0,0,CC DU VAL DE SULLY,45,CC,FPU,25762.0,24555.0,408366452.0,20844316.0,809.110939,0.368345
5358,CC Yonne Nord,248900896,89,27,0,0,CC DE YONNE NORD,89,CC,FPU,26031.0,24896.0,396630476.0,4153493.0,159.559487,0.366479
4605,CC Fumel Vallée du Lot,200068930,47,75,0,0,CC FUMEL VALLEE DU LOT,47,CC,FPU,26508.0,25080.0,352052957.0,7903489.0,298.154859,0.451305
5397,CC Vexin Centre,200035970,95,11,0,0,CC VEXIN CENTRE,95,CC,FPU,25805.0,25505.0,531721787.0,6517550.0,252.56927,0.285078
4740,CC Roi Morvan Communauté,245614417,56,53,0,0,ROI MORVAN COMMUNAUTÉ,56,CC,FPU,28193.0,25899.0,359872916.0,8697929.0,308.51378,0.367593
4465,CC Terre d'Emeraude Communauté ,200090579,39,27,0,0,TERRE D'EMERAUDE COMMUNAUTE,39,CC,FPU,28169.0,25120.0,398644741.0,11302215.0,401.228833,0.540082
3868,CC du Sisteronais-Buëch,200068765,4,93,0,0,CC DU SISTERONAIS BUËCH,04,CC,FPU,30009.0,26166.0,377723700.0,15612439.0,520.258556,0.314798
5317,CC Porte Océane du Limousin,200059400,87,75,0,0,CC PORTE OCÉANE DU LIMOUSIN,87,CC,FPU,27291.0,26187.0,397405034.0,16155684.0,591.978454,0.422814
5202,CC de la Haute Somme (Combles - Péronne - Roisel),200037059,80,32,0,0,CC DE LA HAUTE SOMME,80,CC,FPU,27425.0,26950.0,406044110.0,12063352.0,439.866983,0.383337
4390,Roche aux Fées Communauté,243500634,35,53,0,0,ROCHE AUX FÉES COMMUNAUTÉ,35,CC,FPU,27949.0,27573.0,416122731.0,8322744.0,297.783248,0.398999
4395,CC Liffré-Cormier Communauté,243500774,35,53,0,0,CC LIFFRÉ-CORMIER COMMUNAUTÉ,35,CC,FPU,29147.0,28876.0,489436933.0,8771096.0,300.926202,0.392526
4684,CC des Coëvrons,200033298,53,52,0,1,CC DES COËVRONS,53,CC,FPU,28428.0,27280.0,390450112.0,13122505.0,461.604932,0.770884
4568,CC Canaux et Forêts en Gâtinais,200067676,45,24,0,0,CC CANAUX ET FORÊTS EN GÂTINAIS,45,CC,FPU,29817.0,27928.0,436970039.0,7865176.0,263.781601,0.377091
5311,CC du Civraisien en Poitou,200070035,86,75,0,1,CC CIVRAISIEN EN POITOU,86,CC,FPU,29439.0,27496.0,384470033.0,8019934.0,272.42549,0.482456
4340,CC du Secteur de Saint-Loubès,243301249,33,75,0,0,CC LES RIVES DE LA LAURENCE,33,CC,FPU,29440.0,29249.0,535189739.0,15814848.0,537.18913,0.350711
5303,CC du Pays de Mortagne,248500662,85,52,0,0,CC DU PAYS DE MORTAGNE,85,CC,FPU,29587.0,29163.0,464711199.0,12659029.0,427.857809,0.372179
5434,CC de Petite-Terre,200050532,976,6,0,0,CC DE PETITE-TERRE,976,CC,FPU,35144.0,35088.0,210207995.0,4220787.0,120.099789,0.573291
5064,CC du Val de Sarthe,247200629,72,52,0,0,CC VAL DE SARTHE,72,CC,FPU,31387.0,30928.0,498784641.0,10549753.0,336.118552,0.36248
5302,CC du Pays des Herbiers,248500621,85,52,0,0,CC DU PAYS DES HERBIERS,85,CC,FPU,31989.0,31638.0,503255599.0,19309746.0,603.637063,0.345688
4560,CC du Sud Estuaire,244400586,44,52,0,1,CC DU SUD-ESTUAIRE,44,CC,FPU,35803.0,31905.0,559760458.0,13391452.0,374.031562,0.493005
3985,CC Normandie-Cabourg-Pays d'Auge,200065563,14,28,0,0,CC NORMANDIE CABOURG PAYS D'AUGE,14,CC,FPU,50789.0,32106.0,633226868.0,14444012.0,284.392526,0.334683
4995,CC des Vallons du Lyonnais (CCVL),246900724,69,84,0,0,CC VALLONS DU LYONNAIS,69,CC,FPU,33023.0,32675.0,708497608.0,11115248.0,336.591103,0.380257
4531,CC Marches du Velay-Rochebaron,200073427,43,84,0,0,CC MARCHES DU VELAY - ROCHEBARON,43,CC,FPU,34126.0,32221.0,543405863.0,17034189.0,499.155746,0.440505
4385,CC Bretagne Porte de Loire Communauté,200070662,35,53,0,1,CC BRETAGNE PORTE DE LOIRE COMMUNAUTÉ,35,CC,FPU,34171.0,33480.0,505032828.0,9409015.0,275.350882,0.388083
4331,CC Convergence Garonne,200069581,33,75,0,0,CC CONVERGENCE GARONNE,33,CC,FPU,33686.0,33289.0,519198834.0,8990762.0,266.899068,0.415979
5111,CC Rumilly Terre de Savoie,247400740,74,84,0,0,CC RUMILLY TERRE DE SAVOIE,74,CC,FPU,34489.0,34080.0,633318472.0,14951016.0,433.501,0.297549
3814,CC Bugey Sud,200040350,1,84,0,0,CC BUGEY SUD,01,CC,FPU,37268.0,34938.0,572052395.0,15986818.0,428.969035,0.384833
4459,CA ECLA  (Espace Communautaire Lons Agglomération),200071116,39,27,0,0,ESPACE COMMUNAUTAIRE LONS AGGLOMÉRATION,39,CA,FPU,36892.0,35895.0,585243624.0,16902551.0,458.163043,0.553625
4022,CC de Charente Limousine,200072049,16,75,0,0,CC DE CHARENTE LIMOUSINE,16,CC,FA,39177.0,36167.0,494227943.0,6216474.0,158.676621,0.315962
4883,CC Thiers Dore et Montagne,200070712,63,84,0,1,CC THIERS DORE ET MONTAGNE,63,CC,FPU,39747.0,37664.0,537842870.0,19170533.0,482.313961,0.359273
4392,CC Val d'Ille-Aubigné,243500667,35,53,0,0,CC DU VAL D'ILLE-AUBIGNÉ,35,CC,FPU,40085.0,39715.0,669328161.0,9316660.0,232.422602,0.401004
4185,CC Interco Normandie Sud Eure,200066462,27,28,0,0,CC INTERCO NORMANDIE SUD EURE,27,CC,FPU,41942.0,38759.0,581924368.0,12362242.0,294.746126,0.489158
4994,CC du Pays de l'Arbresle (CCPA),246900625,69,84,0,0,CC DE L'ARBRESLE,69,CC,FPU,40374.0,39884.0,853281158.0,16526461.0,409.33425,0.400015
4328,CC du Sud Gironde,200043974,33,75,0,0,CC DU SUD GIRONDE,33,CC,FPU,41623.0,40652.0,633835789.0,14525179.0,348.970017,0.411869
4798,CC Flandre Lys,245900758,59,32,0,0,CC FLANDRE LYS,59,CC,FPU,40871.0,40743.0,663457722.0,28328904.0,693.129701,0.302776
5037,CC Le Grand Charolais,200071884,71,27,0,0,CC LE GRAND CHAROLAIS,71,CC,FPU,42562.0,40919.0,617067065.0,18753461.0,440.615126,0.441348
4734,Ploërmel Communauté,200066777,56,53,0,1,CC PLOËRMEL COMMUNAUTÉ,56,CC,FPU,46846.0,44240.0,670575406.0,19613236.0,418.674721,0.463095
3893,CA Privas Centre Ardèche,200071413,7,84,0,0,CA PRIVAS CENTRE ARDECHE,07,CA,FPU,48308.0,45233.0,680547403.0,20582402.0,426.066117,0.407418
4384,CC Vallons de Haute-Bretagne Communauté,200043990,35,53,0,1,CC VALLONS DE HAUTE-BRETAGNE COMMUNAUTE,35,CC,FPU,47197.0,45997.0,742780375.0,11205805.0,237.426214,0.393628
5161,CC Pays de Montereau,247700107,77,11,0,0,CC DU PAYS DE MONTEREAU,77,CC,FPU,46293.0,45687.0,569696790.0,17317696.0,374.088869,0.26369
5195,CC Mellois en Poitou,200069755,79,75,0,0,CC MELLOIS EN POITOU,79,CC,FPU,50028.0,47731.0,715754198.0,19340673.0,386.596966,0.559301
4946,CC du Canton d'Erstein,200067924,67,44,0,0,CC DU CANTON D’ERSTEIN,67,CC,FPU,50131.0,49842.0,905874864.0,23250542.0,463.795695,0.472964
4652,CC Coutances Mer et Bocage,200067023,50,28,0,1,CC COUTANCES MER ET BOCAGE,50,CC,FPU,57822.0,49869.0,810289313.0,15350038.0,265.470548,0.694459
4551,CC Sèvre et Loire,200067866,44,52,0,0,CC SEVRE ET LOIRE,44,CC,FPU,51526.0,51148.0,846823073.0,15583402.0,302.437643,0.363564
4218,CC du Pays d'Iroise,242900074,29,53,0,3,CC DU PAYS D'IROISE,29,CC,FPU,56266.0,51126.0,962695282.0,11301125.0,200.851758,0.324817
4229,CA du Pays de Landerneau-Daoulas,242900801,29,53,0,1,CA DU PAYS DE LANDERNEAU-DAOULAS,29,CA,FPU,52496.0,51264.0,861259889.0,16967681.0,323.21855,0.389149
4032,Vals de Saintonge Communauté,200041689,17,75,0,0,VALS DE SAINTONGE COMMUNAUTE,17,CC,FPU,56839.0,53774.0,802712839.0,21604671.0,380.10294,0.447929
4763,CC du Pays Orne Moselle,245701271,57,44,0,0,CC DU PAYS ORNE MOSELLE,57,CC,FPU,53716.0,53248.0,786975386.0,11746951.0,218.686257,0.235219
4751,CC Rives de Moselle,200039949,57,44,0,1,CC RIVES DE MOSELLE,57,CC,FPU,54029.0,53865.0,884241428.0,47183553.0,873.300505,0.31579
4833,CA Flers Agglo,200035814,61,28,0,0,FLERS AGGLO,61,CA,FPU,55383.0,53918.0,785905497.0,19577528.0,353.493455,0.518247
4002,CA du Bassin d'Aurillac,241500230,15,84,0,0,CA BASSIN D'AURILLAC,15,CA,FPU,58654.0,56315.0,908864820.0,23161731.0,394.887493,0.439637
5268,CA Luberon Monts de Vaucluse,200040442,84,93,0,0,CA LUBERON MONTS DE VAUCLUSE,84,CA,FPU,59913.0,56096.0,982120715.0,32242172.0,538.149851,0.390518
4458,CA du Grand Dole,200010650,39,27,0,0,CA DU GRAND DOLE,39,CA,FPU,56942.0,56322.0,899711490.0,29842873.0,524.092463,0.494936
4634,CC Loire Layon Aubance,200071553,49,52,0,1,LOIRE LAYON AUBANCE,49,CC,FPU,59423.0,58395.0,1001690515.0,17224010.0,289.854265,0.579326
5285,CA Les Sables d'Olonne Agglomération,200071165,85,52,0,0,CA LES SABLES D'OLONNE AGGLOMERATION,85,CA,FPU,75811.0,59944.0,1342035265.0,24886958.0,328.276345,0.618459
4381,CA Redon Agglomération,243500741,35,53,0,1,REDON AGGLOMÉRATION,35,CA,FPU,71858.0,69264.0,1012135506.0,22097535.0,307.5167,0.421197
4324,CA Bassin d'Arcachon Sud (COBAS),243300563,33,75,0,0,CA BASSIN D'ARCACHON SUD POLE ATLANTIQUE,33,CA,FPU,89496.0,71165.0,1696944611.0,32185998.0,359.636163,0.37233
4492,CC Maremne Adour Côte Sud,244000865,40,75,0,0,CC DE MAREMNE ADOUR COTE SUD,40,CC,FPU,99960.0,72997.0,1606428664.0,33201212.0,332.144978,0.461756
4325,CA du Bassin d'Arcachon Nord,243301504,33,75,0,0,CA DU BASSIN D'ARCACHON NORD,33,CA,FPU,88004.0,73982.0,1609729547.0,24728194.0,280.989432,0.292005
3886,CA de la Riviera Française,240600551,6,93,0,0,CA DE LA RIVIERA,06,CA,FPU,101728.0,73331.0,1572517522.0,28794126.0,283.050153,0.373289
4097,CA Guingamp-Paimpol Agglomération de l'Armor à l'Argoat,200067981,22,53,0,0,GUINGAMP-PAIMPOL AGGLOMÉRATION,22,CA,FPU,82735.0,76229.0,1181074277.0,25605294.0,309.485635,0.429933
5073,CA Grand Lac,200068674,73,84,0,1,CA GRAND LAC,73,CA,FPU,86966.0,81427.0,1762839496.0,38252544.0,439.856312,0.41248
3822,CC de la Plaine de l'Ain,240100883,1,84,0,0,CC DE LA PLAINE DE L'AIN,01,CC,FPU,86908.0,84625.0,1442676138.0,50697828.0,583.350532,0.379063
4028,CA Royan Atlantique,241700640,17,75,0,0,CA ROYAN ATLANTIQUE,17,CA,FPU,124465.0,87913.0,1830863290.0,30565516.0,245.57519,0.419124
4517,CA Roannais Agglomération,200035731,42,84,0,1,ROANNAIS AGGLOMÉRATION,42,CA,FPU,106045.0,104170.0,1637595952.0,55940674.0,527.518261,0.441103
5360,CA Grand Belfort,200069052,90,27,0,0,GRAND BELFORT CA,90,CA,FPU,104407.0,103599.0,1625453955.0,55600265.0,532.533882,0.441116
4096,CA Lannion-Trégor Communauté,200065928,22,53,0,0,LANNION-TREGOR COMMUNAUTE,22,CA,FPU,121400.0,104398.0,1838330769.0,36387124.0,299.729193,0.44796
4792,CA Coeur de Flandre,200040947,59,32,0,0,CA CŒUR DE FLANDRE,59,CA,FPU,105133.0,104360.0,1680682398.0,37057292.0,352.480116,0.436242
4858,CA du Boulonnais,246200729,62,32,0,0,CA DU BOULONNAIS,62,CA,FPU,121014.0,113911.0,1694420400.0,62199717.0,513.987778,0.370559
4683,Laval Agglomération,200083392,53,52,0,0,LAVAL AGGLOMÉRATION,53,CA,FPU,120416.0,118953.0,2005166569.0,67114203.0,557.352868,0.461908
5426,CA du Sud,249740085,974,4,0,1,CA DU SUD,974,CA,FPU,136323.0,134764.0,1465602188.0,20701466.0,151.856004,0.430025
4146,CA Pays de Montbéliard Agglomération,200065647,25,27,0,0,PAYS DE MONTBÉLIARD AGGLOMÉRATION,25,CA,FPU,143003.0,141876.0,2078128912.0,114990924.0,804.115466,0.438422
5421,CA du Centre Littoral,249730045,973,3,0,0,CA DU CENTRE LITTORAL,973,CA,FPU,155243.0,153249.0,1695588417.0,28680407.0,184.745251,0.372034
4420,Tours Métropole Val de Loire,243700754,37,24,0,1,TOURS MÉTROPOLE VAL DE LOIRE,37,METROPOLE,FPU,309466.0,304421.0,5309843963.0,159302970.0,514.767277,0.41467
